视频排名,视频标题,热评排名,评论者,点赞数,评论内容
1,吾从人族来，自当为人族竭尽全力！,1,玦夙,16456,up和南河很像欸
1,吾从人族来，自当为人族竭尽全力！,2,智慧电影了凡四训传甲,6941,造梦阿瑄，身负债负。多方营生，薄有盈余。悉散其资，尽以济山中稚子，为群童筑清梦。
1,吾从人族来，自当为人族竭尽全力！,3,一之昂昂溪,9397,造梦阿瑄，身负债负。多方营生，薄有盈余。悉散其资，尽以济山中稚子，为群童筑清梦。
1,吾从人族来，自当为人族竭尽全力！,4,齐市安格斯雪花牛肉售,3502,啊宣！只留6千啊！太牛了！已经运往广西了[奋斗]加油加油
1,吾从人族来，自当为人族竭尽全力！,5,你的中二病还没好吗,3638,我看弹幕说不要借助学贷款，想问一下为什么呀，我是今年高考生，还打算搞助学贷款呢[思考]
1,吾从人族来，自当为人族竭尽全力！,6,一朵枕头云,4914,真没想到，6万块钱居然可以买这么多东西，做这么多事情。。。在普通家庭可能也就是几个月的生活费，在富人那里可能就是一顿饭，一件衣服。。。up居然能买这么多物资，帮助这么多人，真是太棒了。。。
1,吾从人族来，自当为人族竭尽全力！,7,看木思子自少一,2909,我一直都知道，书本上描绘的一切人类的美好品德都是真实存在的
1,吾从人族来，自当为人族竭尽全力！,8,早睡早起身体好吗,2232,阿瑄真是动漫男主来的，充满热情，朝气蓬勃，向你学习🌹
1,吾从人族来，自当为人族竭尽全力！,9,欧KG欧,2403,真佩服，换我肯定不会拿大半身家去做善事的。看别人拍视频捐赠贫困山区，我都觉得怪怪的，看不下去，但是这边我完完整整的把视频看完了，阿宣完全没有捐赠人高高在上的那种感觉
1,吾从人族来，自当为人族竭尽全力！,10,bili_42770079366,4181,前段时间关了韩红基金的月捐，对所谓的慈善略微有点失望。但这个视频还是看到了人类还是有救的[给心心]，充电+投币，帮up止止损
2,《崩坏：星穹铁道》动画短片——「你的终点，我的起点」,1,水丰寸食,6470,可以看出来素子的愿力是蓝色的火焰，姬子的是红色的，所以后面是素子燃烧了自己的剩余愿力，最后应该是互换身体了
2,《崩坏：星穹铁道》动画短片——「你的终点，我的起点」,2,林簌SUSU,5710,[爱心]
2,《崩坏：星穹铁道》动画短片——「你的终点，我的起点」,3,一拳夏目,8640,不亏是崩坏系列，崩坏三的传统动画短片都让整来了，还得是姬子，有崩三那味了，等等，崩坏味？
2,《崩坏：星穹铁道》动画短片——「你的终点，我的起点」,4,天天天天爱奋斗,3724,绝灭大君全员老资历这块，先是天才俱乐部，再是星穹列车，我有预感，下一个该公司发出尖锐的爆鸣了[笑哭]
2,《崩坏：星穹铁道》动画短片——「你的终点，我的起点」,5,一只有梦想的U咩,3414,等一下，小姬子创造的那个大姬子被她称为素子，可是简介中写着“素子，我回来了。”这是在说现在这个姬子的身份还是在说后面的剧情，是不是可以怀疑素子和姬子的身份互换了之类的（猜错了就和现在的自己神圣分离）
2,《崩坏：星穹铁道》动画短片——「你的终点，我的起点」,6,旋转尾巴垂直升天,4004,天呐……这个质感简直了 一开始真没分出来是3D2D
2,《崩坏：星穹铁道》动画短片——「你的终点，我的起点」,7,煜于余裕,3187,其实有个细节，大姬子燃烧自己成全姬子的愿望，而燃烧的火焰都是蓝色的，小姬子本体是红色的，所以实际活下来的还是姬子本体[大哭]
2,《崩坏：星穹铁道》动画短片——「你的终点，我的起点」,8,柒七七柒七,4105,有一个发现：风化诅咒，失熵症，白厄火种燃烧金血，是一样的裂纹图案。 有一种说法是星神背离了自身命途后会陨落。那么极端的命途行者背离命途后会不会就是风化诅咒这样的裂痕[思考]
2,《崩坏：星穹铁道》动画短片——「你的终点，我的起点」,9,吾常好梦中杀人,2060,简介和视频不一样呀，视频里好像活下来的是素子，但简介上活下来的好像是姬子🤔🤔🤔诡计叙事，还在藏
2,《崩坏：星穹铁道》动画短片——「你的终点，我的起点」,10,归寂叔叔,3452,这技术，确实得让工作群里那几个老家伙学习一下了
3,我----问你为什么要折断奥特钥匙！大结局！（中）,1,cosdk,223,大王！，是不是被限流了，这评论和播放量不对等啊
3,我----问你为什么要折断奥特钥匙！大结局！（中）,2,一只普通的清道夫,132,大王，结尾可不可以给茜拉出场一下，不要什么东西一个宇宙背景然后远处小小的金光飞过就行 “最后，代表和平与生命的鸟儿飞向远方” @百火哥斯拉
3,我----问你为什么要折断奥特钥匙！大结局！（中）,3,又菜又爱玩的未花_,172,搞笑在哪😭
3,我----问你为什么要折断奥特钥匙！大结局！（中）,4,将德帅,164,故事的开头： 故事的结尾：
3,我----问你为什么要折断奥特钥匙！大结局！（中）,5,跳舞的egg,216,对不起了各位🧎 这期视频发布时间有点晚 主要原因在我 家里出了些事情所以没什么时间做音效 虽然勉强赶上奥特曼之日了，但音效是急着做出来的 听着不怎么好 部分音效还是百火弄的 大结局（下）我一定会腾出更多时间给大家弄更好更“爽”的音效的[大哭]
3,我----问你为什么要折断奥特钥匙！大结局！（中）,6,NG拐洞三五,131,目前依旧本剧战力天花板
3,我----问你为什么要折断奥特钥匙！大结局！（中）,7,琦玉老师nb,209,看看这一段足矣封神的片段，5分29秒的画面，几乎就没有几句角色间的对话，但是把父子、兄弟情谊，舍生忘死的英雄精神，绝望与希望展现的淋漓尽致，悠扬动听的旋律歌颂着这画面的史诗，每个角色都是这样的鲜活与立体，这已经不光光是满足我们童年的幻想与遗憾了，这是把我们带回了童年，那个小时候守在电视机前会随奥特曼一起感动的美好
3,我----问你为什么要折断奥特钥匙！大结局！（中）,8,狗才信,122,神经B站是不是给这玩意限流了？夸张的点赞与投币比那么大居然没有破百万播放
3,我----问你为什么要折断奥特钥匙！大结局！（中）,9,悄悄的做一只红字菌~,491,坏了，奥特钥匙唯一缺的文戏，情感调度这一块也被大王补上了，这下奥特钥匙什么都不缺了😨 我上表圆谷，让他把奥特曼的故事都交给大王来写的命令，圆谷已经回消息了 竟然不能！ 圆谷这是看大王的故事日益精进，才故意驳回我的请求！ 怎么办，e一下吧
3,我----问你为什么要折断奥特钥匙！大结局！（中）,10,我是玄水啊,228,我没了，可以再用石像复活 但是戴拿没了，那就是真的没了
4,路怒症被反杀，真的很解气,1,不劳而获的梦想,42,很多片段没头没尾的，还有剪辑的，还有一些描述根本就不符合，带着煽动情绪讲引流，上一个这种up我已经拉黑了
4,路怒症被反杀，真的很解气,2,咸鱼透儿凉,397,这就是平时加塞多了，真以为是自己技术好，实际上是大多数人不想跟你计较
4,路怒症被反杀，真的很解气,3,carmiIIa,3892,有车我不躲 我就光看着让他停[调皮]
4,路怒症被反杀，真的很解气,4,智慧电影了凡四训传傢,72,最后一个可别学，按按喇叭，开窗停下来骂一骂得了，别给自己找事
4,路怒症被反杀，真的很解气,5,早安-杜王町,246,最后一个司机真是疯了，对向车道没车不过，故意撞借道的行人。我开车就算有人在我正前方走，我都得躲人家，更别说这是因为有其他东西占道导致的行人借道。
4,路怒症被反杀，真的很解气,6,l瞌睡闲鱼l,28768,第一个跟npc一样，被吓到然后又正常走路，真的很像
4,路怒症被反杀，真的很解气,7,弦鸣清商,786,最后一个还是不要鼓吹这种故意撞人的行径吧，这也是路怒症啊[银魂_justaway]
4,路怒症被反杀，真的很解气,8,洛漆雨,5927,第一个belike:
4,路怒症被反杀，真的很解气,9,旋旋是我老婆,2709,最后一个可别学，按按喇叭，开窗停下来骂一骂得了，别给自己找事
4,路怒症被反杀，真的很解气,10,牢shen,4671,看我躲起来阴他们一手
5,为了营造出夏日的氛围🍃，我玩了两年半的“赛博拼豆”...,1,布吉岛糕魔镓,1442,依旧
5,为了营造出夏日的氛围🍃，我玩了两年半的“赛博拼豆”...,2,首席指挥官夜焰,2592,别人建的：小镇夏天 而我建的：........
5,为了营造出夏日的氛围🍃，我玩了两年半的“赛博拼豆”...,3,卡琳梅莉德klmld,390,＊他有一个肝，他有坚强的毅力，他可以肝出一个世界！[星星眼] ……作者结束后be like：
5,为了营造出夏日的氛围🍃，我玩了两年半的“赛博拼豆”...,4,林风岁,4149,我一直以为我是LV2，然后一看发现我LV 5了都
5,为了营造出夏日的氛围🍃，我玩了两年半的“赛博拼豆”...,5,m泉此方m,2027,等我今天把电脑配了就建一个同款
5,为了营造出夏日的氛围🍃，我玩了两年半的“赛博拼豆”...,6,南枝无题,488,竟然是自己纯手一个像素点一个像素点扣出来的吗？up主你真是勤勉！勤勉！太勤勉了！！！为什么！为什么！为什么！为什么为什么！我以前居然都没有发现有这样一位勤勉刻苦的up主！我的失职！我的失职！我的失职！我真是怠惰！怠惰！怠惰！怠惰！怠惰啊！请您原谅我的怠惰！——啊啊啊啊啊，大脑在颤抖！！！！！！！！
5,为了营造出夏日的氛围🍃，我玩了两年半的“赛博拼豆”...,7,愛吃牢飯的屑老貓老至,204,为什么夏日氛围都是用的日本小镇[笑哭]
5,为了营造出夏日的氛围🍃，我玩了两年半的“赛博拼豆”...,8,我有王八之妻,652,求这个：
5,为了营造出夏日的氛围🍃，我玩了两年半的“赛博拼豆”...,9,六硬币买的位置,298,我知道很辛苦真的很厉害也完全没有引战的意思，可为什么所有搞mc拼豆建筑的全是日系的啊，国风欧美的一个都没见过[笑哭]
5,为了营造出夏日的氛围🍃，我玩了两年半的“赛博拼豆”...,10,昨晚c死了,80,加个这个无敌了
6,《下一个是谁》第七季（1）,1,飓风商店MediaStore,34037,向全世界安利最好看的综艺！！评论区抽10位幸运鹅送“凉伴”短袖一件！！[喜欢][喜欢]
6,《下一个是谁》第七季（1）,2,徐大虾咯,11263,难道说…有史以来最强组合出现了？[点赞]
6,《下一个是谁》第七季（1）,3,小精灵real,10518,啊啊啊啊啊啊啊郭雨你连体衣起球了
6,《下一个是谁》第七季（1）,4,风灵月初,5610,第七季了哲别依旧只和变形兄弟成员组过队
6,《下一个是谁》第七季（1）,5,Inoue_Kazuki,4815,三木跟雨哥这俩完全就是最难立的人设立住了，搭一块就是节目效果的神[妙啊]
6,《下一个是谁》第七季（1）,6,每日苦恼SCI和课题,4259,我说，下谁永不完结！
6,《下一个是谁》第七季（1）,7,啊吗粽,4255,冠军组合又怎样，没在怕的！！！最好的时间遇见你！！顶峰相见！！
6,《下一个是谁》第七季（1）,8,-MyMy麦麦-,6664,来咯！居然第二次当女神！太荣幸啦！！！欢迎关注我们FIVEver女团！[灵兔出动表情包_耶]
6,《下一个是谁》第七季（1）,9,月南青,3030,第七季这三组，瑞虾组比较互补，下限拉高了，瑞哥过不去的时候大虾可以保底还不会嘲讽给他施压，毕竟瑞哥追名逐利老过不去会烦，雨木组，三木全球最会使用雨哥的人，还弥补了雨哥倒霉熊的运气，而且三木对雨哥和瑞哥的区别对待真的是看在眼里，AA组就像打怪一样平常平A，大招集满了可以一下反超
6,《下一个是谁》第七季（1）,10,慕慕有奶糖,3188,我来也![FIVEver DLC表情包_嗷呜~]
7,bw漫展神级现场！无耳返全开麦无修音稳如CD！！,1,海风与晚宴,331,这唱功，这就是歌姬吧！[星星眼][星星眼]被圈粉了，关注三连奉上[给心心]
7,bw漫展神级现场！无耳返全开麦无修音稳如CD！！,2,彼岸双生的专属舰伥,64,为什么你们觉得剧情很烂_？这种让人一直记着的遗憾和压抑才是最深入人心的吧，不要人云亦云好吧，这剧情让我一直记到现在，但凡看过的都想骂上两句，但你骂的真是这部番吗？只会看无脑爽厕纸的就不用来评论这部番了
7,bw漫展神级现场！无耳返全开麦无修音稳如CD！！,3,没活了就去打搅,4166,以防各位不知道这个人up是干嘛的[滑稽]
7,bw漫展神级现场！无耳返全开麦无修音稳如CD！！,4,路绫ovo,2182,比很多内娱明星强[笑哭]
7,bw漫展神级现场！无耳返全开麦无修音稳如CD！！,5,智慧电影了凡四训传甲,492,以防各位不知道这个人up是干嘛的[滑稽]
7,bw漫展神级现场！无耳返全开麦无修音稳如CD！！,6,所愿wanna,3585,这放在以前已经飘满屏幕的为王的诞生献上礼炮了[笑哭]
7,bw漫展神级现场！无耳返全开麦无修音稳如CD！！,7,VereEmpty,855,这下认识了[哦呼][支持][吃瓜]
7,bw漫展神级现场！无耳返全开麦无修音稳如CD！！,8,一个小蒽蒽,358,不带耳返，舞台周围音响包裹后，会给你一种怎么都唱不上去的感觉，会感觉自己声音很小，一不小心就会长跑掉，那种声音说不来，就是和别人听到的，自己骨传导听到的声音都不一样
7,bw漫展神级现场！无耳返全开麦无修音稳如CD！！,9,菲比大猪脚zz,2803,这番当时也是因为音乐和抽象火的，剧情一坨来着[笑哭]
7,bw漫展神级现场！无耳返全开麦无修音稳如CD！！,10,伪神,5638,怕是很多小登都不知道什么拔剑神曲了[doge]
8,願廣西平安,1,玻璃球的菠萝,1232,馆长我送你一颗搞完表示谢意[星星眼]
8,願廣西平安,2,银河不灭萤,900,你是一个男人!给你两颗硬币!
8,願廣西平安,3,杨-v-,554,馆长要注意安全啊，有两颗去找你了[鸣潮·共鸣与群星_哭了]
8,願廣西平安,4,计五文,404,我们是同一个中国！ 虽然有两种制度！ 但我们都是同胞！ 全国人民欣喜若狂： 同胞！同胞！同胞！
8,願廣西平安,5,爱夏霁の音,3083,你们那边台风也得小心呀
8,願廣西平安,6,伊莎贝啦啦,3733,谢谢馆长，领到四桶泡面跟 4 瓶矿泉水了
8,願廣西平安,7,酷列维纳,264,广西，无手法裸奔，硬吃一个美莎克真伤，大残通关
8,願廣西平安,8,神秘老院长,27584,有一个馆长 他捐了10万人民币 台下粉丝欣喜若狂 好人！好人！好人！
8,願廣西平安,9,终极ll三玖大魔王,3258,这几天断网断电还断水，人在自然灾害面前真的太渺小了[委屈][委屈]
8,願廣西平安,10,反應太慢,1101,谢谢馆长，我这水已经退到桥面以下，开始恢复生产了，台湾也面临台风威胁，祝同胞安全[保佑]
9,“一定不要着急，看我装糖阴他一手”【装糖阴人の小曲】【One kiss-DJ】,1,樱小路汐萤,24253,[doge]
9,“一定不要着急，看我装糖阴他一手”【装糖阴人の小曲】【One kiss-DJ】,2,阿拉垃圾koyomi,3783,打完这局的地主
9,“一定不要着急，看我装糖阴他一手”【装糖阴人の小曲】【One kiss-DJ】,3,Yi只豹-单推狂三版,2094,《要不起》
9,“一定不要着急，看我装糖阴他一手”【装糖阴人の小曲】【One kiss-DJ】,4,魅惑保温杯,3728,牌需慢慢打~
9,“一定不要着急，看我装糖阴他一手”【装糖阴人の小曲】【One kiss-DJ】,5,看见让我去亲樱岛麻衣,3139,[藏狐]
9,“一定不要着急，看我装糖阴他一手”【装糖阴人の小曲】【One kiss-DJ】,6,怎么还骗人呢,9483,手里捏着k但不接3的bro
9,“一定不要着急，看我装糖阴他一手”【装糖阴人の小曲】【One kiss-DJ】,7,死亡考拉,2990,00:16 3飞机带单都到k了，说明手里绝对不会小于k，单纯的皮
9,“一定不要着急，看我装糖阴他一手”【装糖阴人の小曲】【One kiss-DJ】,8,奶油蘑菇糖,2651,一想到队友和地主的表情时：
9,“一定不要着急，看我装糖阴他一手”【装糖阴人の小曲】【One kiss-DJ】,9,B站最菜的小呆,2194,[思考]
9,“一定不要着急，看我装糖阴他一手”【装糖阴人の小曲】【One kiss-DJ】,10,霍金之路商K冠军,9657,逗地主啊，有什么问题
10,当我两只手弹两架琴并同时弹不同的曲子，左右脑互搏式弹琴法,1,帅天帅地帅空气的帝天大人冕下参上,1393,保安：你们俩弹琴配合得不错啊。 up：就我一个人啊。 保安：
10,当我两只手弹两架琴并同时弹不同的曲子，左右脑互搏式弹琴法,2,金山翻哲,169,讲真的，这个蓝光，这个时间，这个音乐就算是鬼我高低也要进去看一眼长啥样
10,当我两只手弹两架琴并同时弹不同的曲子，左右脑互搏式弹琴法,3,辉光圣骑,1473,这就是b站最初的样子，什么人都可以上网展示自己的生活，即使是一只鬼魂[脸红]
10,当我两只手弹两架琴并同时弹不同的曲子，左右脑互搏式弹琴法,4,柠乐nln,13604,门口路过的人突然听见琴声和屋子里幽幽的蓝光
10,当我两只手弹两架琴并同时弹不同的曲子，左右脑互搏式弹琴法,5,忒火了,1128,[笑哭][doge_金箍]
10,当我两只手弹两架琴并同时弹不同的曲子，左右脑互搏式弹琴法,6,禁曼添唐,2262,主播拍视频的时候
10,当我两只手弹两架琴并同时弹不同的曲子，左右脑互搏式弹琴法,7,枫棕小狼,163,哥们，我承认你挑的琴音色不错。那视频调色能不能也学一学？
10,当我两只手弹两架琴并同时弹不同的曲子，左右脑互搏式弹琴法,8,宛城下小雨-,6222,此时的up
10,当我两只手弹两架琴并同时弹不同的曲子，左右脑互搏式弹琴法,9,沄海海海,210,？一开始还以为是游戏画面[微笑]
10,当我两只手弹两架琴并同时弹不同的曲子，左右脑互搏式弹琴法,10,蔚梦不是唯一呀,1456,楼下的保安:不是有鬼啊，怎么有弹钢琴声？
11,鬼畜全明星！,1,微冬与夏,284,这才是ai的意义，而不是生成一头大笑的黄色生物
11,鬼畜全明星！,2,Mortal肃穆,1175,[doge]
11,鬼畜全明星！,3,夕夕追漫,194,主要是，音乐是波兰的，跳舞的人是打波兰的[笑哭]
11,鬼畜全明星！,4,鹞鸷,339,发外网去，你猜会不会爆
11,鬼畜全明星！,5,遇白真感情,3473,总有一个宇宙是这样的
11,鬼畜全明星！,6,九_平思密达,520,你知道我在🇩🇪公交车上点开这个视频，又想看又害怕的刺激感么[藏狐]
11,鬼畜全明星！,7,妙手回春---天气冷,4,@哥们我真的帅 @小罐流萤酱
11,鬼畜全明星！,8,绿魂仁慈_コーディ,7508,这图真的有一种神了的感觉
11,鬼畜全明星！,9,FU鶬,6295,如果在五年前做出这个视频会怎么样？
11,鬼畜全明星！,10,三角洲的贪吃老鼠,640,给你们看日落
12,这才是《The Other Side Of Paradise》原版MV！,1,向日葵sichen,483,你强哥都被美化成旺仔QQ肠了[雨路同行-表情包_劝架]
12,这才是《The Other Side Of Paradise》原版MV！,2,天才微博,180,《蜂蜜，猎枪，和致命的玩笑》[doge_金箍]
12,这才是《The Other Side Of Paradise》原版MV！,3,雪花如落叶飘扬,2298,说实话，我比较喜欢以前那种画风的强哥，现在的和鸡蛋画点五官一样[笑哭]
12,这才是《The Other Side Of Paradise》原版MV！,4,藍冰w3,1238,现在的熊出没跟以前的熊出没落差其实已经很大了，从内容到人物建模已经完全翻天覆地了，现在的熊出没已经是走科幻路线了，我不知道丁亮的眼睛当年到底看的有多远，但我希望熊出没下一场电影的编剧人能是他。
12,这才是《The Other Side Of Paradise》原版MV！,5,Gorebox微笑警长,4463,少看一集熊出没都剪不出这种视频[笑哭][笑哭][喜欢][喜欢][喜欢][星星眼][星星眼][星星眼][吃瓜][吃瓜]
12,这才是《The Other Side Of Paradise》原版MV！,6,晨光昵称,2083,活不下去了
12,这才是《The Other Side Of Paradise》原版MV！,7,泥泥埋,1241,现在的光头强有一个片段我印象特深，一个壮汉欺负孩子，光头强看着默不作声（被威胁），这要是以前的强哥… ：一枪不死算炸单
12,这才是《The Other Side Of Paradise》原版MV！,8,阿库西斯教最虔诚教徒,287,强哥感动了我
12,这才是《The Other Side Of Paradise》原版MV！,9,秦神-独宠小鹿,3,@有善意的旅行者 高质量[OK][OK][OK]
12,这才是《The Other Side Of Paradise》原版MV！,10,薄荷犽,1006,00:02 这是哪的片段
13,锐评100部恋爱番（求保护）,1,进化的吗喽,107,我去，兄弟们还有人寿，这下不得不看了😋
13,锐评100部恋爱番（求保护）,2,uo天灯,140,还得是锐评有流量啊，一句话直接把作品概括完了，剩下的让弹幕评论区吵，看来之后的作品是锐评100部××番了
13,锐评100部恋爱番（求保护）,3,夯丝儿李汁,7,你不是吧，前面提了那么多媚宅，到友少就开始你最喜欢的然后不提媚宅，甚至烂尾都没提。要不要这么双标啊哥们，[疑惑]因为这个烂尾友少是可以直接给到不推荐的，动画第二集结尾处理的烂中之烂👎👎👎👎👎你居然一个字都不提
13,锐评100部恋爱番（求保护）,4,辉夜大小姐想让俺稀罕,28,01:44 孩子们，跟我唱~oh~辣妹米斯达~oh迷死他~骑[doge]了山里的猴都是真男人~
13,锐评100部恋爱番（求保护）,5,小妖拜托了,19,这视频能火也是无敌了，评价来回就那几句，截个囧次元的图真当别人不知道你是小孩
13,锐评100部恋爱番（求保护）,6,结灯Sakura,6,5分钟评价100部都来了吗 说的话全是公式排列组合感觉就像某短视频平台找各大up一句话总结云完了 你觉得中肯是因为这个评价你或多或少的从其他地方看到过 评价一部动画总不能公式总结吧[mujica夜愿华章表情包_点赞][mujica夜愿华章表情包_点赞]
13,锐评100部恋爱番（求保护）,7,真意不死于徒手,127,二次元不媚宅媚什么？[藏狐]
13,锐评100部恋爱番（求保护）,8,闲肆城下君,69,神了，多数作品不好点为媚宅，什么评价呀？这些番基本上都是早年的早年的受众群体是谁？心里没点数吗？他不讨好大基数人群讨好什么？
13,锐评100部恋爱番（求保护）,9,LOCK_OPEN,17,up感觉云来一大片啊，约战第一季还穷啊，是不是看了几个杂谈就想当然了？[笑哭]
13,锐评100部恋爱番（求保护）,10,Dark菲利斯,9,只能说被喷是自找的
14,没有人！比我！更懂！重庆！,1,你看我就呆,5370,《时隔2个月，特朗普再次访华》
14,没有人！比我！更懂！重庆！,2,瑞哥英语_RyanChen,5551,欢迎饼叔来重庆！还顺便组织了一场同行交流峰会😂 下次来重庆还有什么好玩的？大家楼里出出主意。
14,没有人！比我！更懂！重庆！,3,claw_id,2196,看到 neil，还是很感慨的，黄金一代的典型之一。务实、大胆、有点自傲，但待人平和，自然而然的幽默感。
14,没有人！比我！更懂！重庆！,4,傲娇小脑壳,2363,看到最后很感慨啊，Neil 作为一名美国60后，能够抛开一些他们那个年代所遗留下来的偏见和刻板印象，敢于尝试并做到和中国文化进行交流，在最后独白中分享自己对于中国行的感受以及表达了深深的感谢，然后还给留了钱(体面到我了)，突然觉得那句我们第一和纽约最棒变得可爱起来了
14,没有人！比我！更懂！重庆！,5,雨浓kuna,2427,有沒有懂這一幀的，那個 力量感 帕瓦！
14,没有人！比我！更懂！重庆！,6,爱斯基摩彬,1345,太难绷住了[藏狐]
14,没有人！比我！更懂！重庆！,7,主任科学家,1359,前段时间看过一个美国大爷的视频，他买了中国的维修工具，感叹它不但便宜、质量好，甚至还送了赠品。他说美国以前也是这样的，人们乐于回馈顾客，回馈他人。  我小时候对于美国人的印象就是Neil这样，开放自信、野心勃勃，以及最重要的——体面。老一辈对于美国的印象应该也是如此吧，那一代很多人那样崇拜美国，除了单纯的慕强之外，也有其本身的魅力在。只是不知何时开始，美国给人的印象渐渐只剩下霸权、混乱、横加干涉，以及其卑鄙的拥趸，和扭曲且强加于人的价值观。  美国人会说这是因为移民，中国人会说这是因为金融资本主义。但美国的确存在过一个黄金时代。 2026年的美国，出现了全球第一位万亿美元富翁，但也有着Neil和美国大爷这些依然记得、依然在践行那个黄金时代的人们。
14,没有人！比我！更懂！重庆！,8,小金昆Chris,1447,这场景太魔幻了[大笑]
14,没有人！比我！更懂！重庆！,9,存6枚币就改名,1395,25:49  视频里的这一帧是咋回事(๑•﹏•)
14,没有人！比我！更懂！重庆！,10,囧国皇上,1991,其实预料过美国会衰弱，但是没想到衰弱的这么快，这种快速衰弱对于那些体验过美国黄金年代的美国人来说尤为深刻
15,网络热传生物鉴定 第62期,1,休憩の猫,376,恋人手中樱花草——《樱花草》 [笑哭]不会说的就是这个樱草吧，那恋人手中鸡屁眼花有点难绷
15,网络热传生物鉴定 第62期,2,leoliu0110,136,2那个，我正向实操了[笑]
15,网络热传生物鉴定 第62期,3,猿语咒,58,jgm🌸也不太体面，改成雉(鸡且直)肠口花更为妥帖不是？[doge_金箍]
15,网络热传生物鉴定 第62期,4,骑拉帝纳大入,8,弹幕一直打藏狐的真烦啊
15,网络热传生物鉴定 第62期,5,天哥FATA,541,欧洲公主和动物说话：“我喜欢唱歌~哦哈哦哈哈~” 东方公主和动物说话：“你是一个……你是一个什么东西？”
15,网络热传生物鉴定 第62期,6,Mullexx,152,问荆在流星花园也有记载，我：？？ 小亮：杉菜（翻书）。害我笑了一下
15,网络热传生物鉴定 第62期,7,長崎無浅静,170,芋头种反了，笑的我满床打滚🤣
15,网络热传生物鉴定 第62期,8,增加膳食纤维,80,那个把芋头倒着种的，成功让我喷了一口饭，十多年没喷过了[喜极而泣]
15,网络热传生物鉴定 第62期,9,海滨的海滨,2862,说真的不喜欢过度吹捧通识类“神童”的风气，小朋友乐于了解大量知识是好事，但是过于追求所谓的“博闻强记”反而会让孩子把宝贵的脑力发展的时间浪费在他成年后一个下午就能背完的东西上。
15,网络热传生物鉴定 第62期,10,王小锤本锤,80,在内蒙每年都能收到禁止接触兔子老鼠之类的野生动物的短信，防鼠疫嘛，看这群人居然敢下手抓真是胆子大
16,【老番茄/某幻】你毕业啦！,1,飞door人柱力,106,网易云.........singing more............失眠午夜都会............面魔............远方见.........口口口口..................
16,【老番茄/某幻】你毕业啦！,2,把笑容送给不死的你,99,古有《考神》庆祝高中毕业，今有《远方见》庆祝大学毕业[委屈][委屈]
16,【老番茄/某幻】你毕业啦！,3,老番茄,7184,这首歌献给毕业的学子们，感谢各位毕业生投稿的照片！祝你们前程似锦，远方见！！
16,【老番茄/某幻】你毕业啦！,4,幻雨星莱拉,2483,你懂的😏
16,【老番茄/某幻】你毕业啦！,5,T少丶,4226,bw有cos你们的（）
16,【老番茄/某幻】你毕业啦！,6,白沐枫_,260,续费成功[脱单doge]
16,【老番茄/某幻】你毕业啦！,7,凯歌凯之歌,948,四舍五入等于我和老番茄某幻联合投稿🤤
16,【老番茄/某幻】你毕业啦！,8,激情小飞机,496,我毕业啦，我。考上和番茄一样的大学了。
16,【老番茄/某幻】你毕业啦！,9,chance喝水呛死,30,不是哥们，我今年真的高三毕业啊[大哭] 居然毕业了能听见茄幻给我写歌吗，我说我是世界上最幸福的人[保卫萝卜_哇]
16,【老番茄/某幻】你毕业啦！,10,旧颜灵亦,71,刚开学：[26mygo的dlc表情包_累瘫]还要等三年才能毕业啊 开学一年：[26mygo的dlc表情包_怎么办]同学关系相处好难…… 开学两年：[26mygo的dlc表情包_黑脸]这*物理怎么这么难 开学三年：[26mygo的dlc表情包_惊讶]时间貌似有点快了 中考：[少女乐队的呐喊表情包_哭泣][少女乐队的呐喊表情包_哭泣][少女乐队的呐喊表情包_哭泣]兄弟别肘……
17,完整版 NIGHT DANCER 翻唱 【给爱豆做抽象MV】,1,梅穿酷茶纸,353,上一天班已经很累了，下班刷到这个觉得可以亖了
17,完整版 NIGHT DANCER 翻唱 【给爱豆做抽象MV】,2,ナ柒柒ナ,426,你在视频里加了什么，我好累[田中姬铃木雏_好可怕]
17,完整版 NIGHT DANCER 翻唱 【给爱豆做抽象MV】,3,小流萤创造奇迹,9118,你在音乐里加了什么…
17,完整版 NIGHT DANCER 翻唱 【给爱豆做抽象MV】,4,无敌兎兔子大王,182,驴不骑电瓶车😭 驴不用找工作😭 驴不会羡慕其他的驴能开跑车😭
17,完整版 NIGHT DANCER 翻唱 【给爱豆做抽象MV】,5,银神控,588,[2233娘_大笑]
17,完整版 NIGHT DANCER 翻唱 【给爱豆做抽象MV】,6,-你有在偷看罢-,199,《在公司后门吃拼好饭一起中毒的二人》
17,完整版 NIGHT DANCER 翻唱 【给爱豆做抽象MV】,7,海豹教主,3892,听完觉得自己像普罗米修斯，感觉火盗偷了
17,完整版 NIGHT DANCER 翻唱 【给爱豆做抽象MV】,8,天王寺牢莹,31,最后加个提示音，第一个： 叮叮，您的订单即将超时，请尽快送达 [米雪儿·绮星梦使 应援装扮_盯][米雪儿·绮星梦使 应援装扮_盯][米雪儿·绮星梦使 应援装扮_盯]
17,完整版 NIGHT DANCER 翻唱 【给爱豆做抽象MV】,9,使一颗心免于孤单,608,有种快似了但是又没似透的感觉
17,完整版 NIGHT DANCER 翻唱 【给爱豆做抽象MV】,10,Polpot_,167,有种加班加的要去见雪峰了但还有一口气吊着的感觉
18,你比泰森还牛比,1,吱吱作响吧喵王,1381,长大后，小孩哥学会了打篮球，可是怎么都投不进，直到有一天，某个小伙伴带了一颗白色的篮球
18,你比泰森还牛比,2,镜生白泉,726,卧槽！商务型人才！这陪老板打球我都不敢想他能坐到什么位置[笑哭]
18,你比泰森还牛比,3,海绵粑耙,283,让孩子去打高尔夫吧。那个母球进洞算赢的[doge][笑哭][笑哭][笑哭]
18,你比泰森还牛比,4,九型之翼,3271,孩子一直保持兴奋状态，说明并没有拍很多次就白球入袋了，正常小孩打不进早就放弃，或者有情绪了，从某种意义来说，这真的是天赋了……[笑哭]
18,你比泰森还牛比,5,傲娇的鱼tommob,115,天才，这是天才，他解锁了百分百白球进洞，请问这在比赛有用吗？
18,你比泰森还牛比,6,TOM酿的,13726,要不给孩子试试高尔夫呢[笑哭]
18,你比泰森还牛比,7,恒马仙森啊-,180,全是一杆进洞，让孩子去打高尔夫吧
18,你比泰森还牛比,8,棉灯芯ふそう,175,你是百年一遇的天才，但是下一个百年一遇的天才已经出生了
18,你比泰森还牛比,9,bili_84769978159,15453,要不然还是试试吧[笑哭][支持]
18,你比泰森还牛比,10,洛克玛顿,128,哥，有没有这么一种可能，你儿子的天赋在于打高尔夫呢？
19,重窝.擒巨草！,1,乔尼--乔斯达,112,一般般
19,重窝.擒巨草！,2,骨局出发呀,146,我们云南的鱼是这样的，先装小鱼，出水看你这叼毛不顺眼，然后就爆冲
19,重窝.擒巨草！,3,湘竹ava,248,钓鱼佬跟政治完全相反 政治上的事不上称没有三两，上了称重逾千钧 钓鱼佬的鱼不上称百八十斤，上了称二两不到
19,重窝.擒巨草！,4,遇见bug了,9817,你喂上个5000斤玉米，钩上挂个健胃消食片鱼绝对抢着来吃
19,重窝.擒巨草！,5,拉特兰总监蕾缪安,433,一条鱼而已嘛，记得那是2008年北京奥运会的夏天，8月22日下午3点52分，一条大概二十七八斤的大青鱼拉上岸时网破了跑了，跑就跑呗和咱没有缘分，6529天过去了我从来都没在意过。
19,重窝.擒巨草！,6,枫木鱼awa,126,以后的鱼群发现，只要献祭几条鱼就能换取大量食物，然后开启了封建时期[doge]
19,重窝.擒巨草！,7,Knavestone,1094,[吃瓜]
19,重窝.擒巨草！,8,心碎用胶水,354,鱼:玉米玉米天天都是玉米 嘴巴都淡出鸟来了……唉 蚯蚓……
19,重窝.擒巨草！,9,别问问就是才情,902,网友的一句AI否定了我十年钓鱼的功底
19,重窝.擒巨草！,10,老衲不是老司机,77,说句实话，钓鱼佬最大的侮辱是，他们空军是得到国家认证的，要不你猜猜为什么法律直接说了单人钓鱼不算捕捞呢
20,假如你生活在十万人的宿舍营,1,已习惯离别,217,公开交配？
20,假如你生活在十万人的宿舍营,2,60938014051_bili,108,除了那个小女孩，怎么全是精神病？还有弹幕在问遇到那个颠女干嘛跑的！我是真被吓到了，现在的人真安全意识模糊成这样了？精神病你不跑，待会给你丢下楼了
20,假如你生活在十万人的宿舍营,3,clover小巷,558,第一个想到这个题材的人真的太厉害了，魔幻现实主义，过于荒谬让人细思极恐。
20,假如你生活在十万人的宿舍营,4,罗罗罗秋刀鱼,3839,这种地方简直是地狱吧
20,假如你生活在十万人的宿舍营,5,dc2的尘埃sans,414,如果掉下去会怎么样
20,假如你生活在十万人的宿舍营,6,郑叶修,2399,评论区竟然还有人说喜欢住进去[doge]真是梦到什么就说什么啊   就这条件 监狱里的牢房都比这个条件好 [笑哭]
20,假如你生活在十万人的宿舍营,7,从河流到海洋タ自由,79,我只看见过百人寝[吃瓜]然后第2年那个校长就进去了。。。
20,假如你生活在十万人的宿舍营,8,水温瑜,159,我们通常不把集中营称为宿舍
20,假如你生活在十万人的宿舍营,9,解构河山,76,即使地球上真有终产者也不可能会这样[辣眼睛] 而且能住这种宿舍，人类在基因层面已经不是人类了。
20,假如你生活在十万人的宿舍营,10,面里牛肉不见了,3,这，，，，，，，怎么做爱啊，不现场直播了？
21,当哈兰德表情包与现实完美融合,1,凛の九,4032,[doge_金箍]
21,当哈兰德表情包与现实完美融合,2,智慧电影了凡四训传甲,543,[星星眼]
21,当哈兰德表情包与现实完美融合,3,大_傻_哔,5519,[tv_鬼脸]
21,当哈兰德表情包与现实完美融合,4,蓝莓派天下第一,8879,这哥们我第一次看他图片给我笑死了哈哈哈，哪有人这么走路的[笑哭]
21,当哈兰德表情包与现实完美融合,5,上天入地企业号,776,像啊
21,当哈兰德表情包与现实完美融合,6,原旅匠--徐,1710,哈哈哈
21,当哈兰德表情包与现实完美融合,7,斥于,1545,[doge]
21,当哈兰德表情包与现实完美融合,8,靥鼄,713,[呲牙]
21,当哈兰德表情包与现实完美融合,9,小尔木,4236,[妙啊]
21,当哈兰德表情包与现实完美融合,10,派大猩猩Ya,3537,他自己还跑去评论[笑哭]
22,老板我不可能辜负你！,1,落日帝国的余晖,503,内陆的同胞，你们冷静一点，要是台风真能吹到你们那的话，那我们这些沿海省份的人估计已经住进亚特兰蒂斯了
22,老板我不可能辜负你！,2,kemomimi哒,1816,谈不了一点，它油盐不进！[笑哭]
22,老板我不可能辜负你！,3,Selina丶Kiki,130,如果一位老板真的在如此恶劣的天气下还在等我去吃，那我真准备吃一辈子了[笑哭]
22,老板我不可能辜负你！,4,土里新长的土鳖,15645,记者:
22,老板我不可能辜负你！,5,天天加班的马达,853,两人握手不亚于
22,老板我不可能辜负你！,6,牢大与肘击15,3631,小时候不理解为什么我爸和小区门口理发师关系那么好，直到过节我爸加班到12点，想理发于是给理发师打了个电话，哥们直接从床上爬起来给我爸理发，一个敢叫一个敢起[笑哭] 现在理解这种感受了
22,老板我不可能辜负你！,7,大耳帽耋,2928,[奋斗]
22,老板我不可能辜负你！,8,狐耳林隐,2517,居然，居然是“在这吃”吗?我认可你了[doge]
22,老板我不可能辜负你！,9,我是飞河哟,4802,我能吹到台风吗？[微笑]
22,老板我不可能辜负你！,10,脱落的创可贴,104,07年那次风暴潮，小学的我顶着13级风去煎饼果子摊，老板却背叛了我[笑哭]
23,黏菌挑战世界第二辣的龙息辣椒！竟意外长出黄曲霉,1,狂想郷の代理人,407,弹幕有转转买的水军，不要相信，爱回收不拆线，转转才拆
23,黏菌挑战世界第二辣的龙息辣椒！竟意外长出黄曲霉,2,智慧电影了凡四训传榢,195,明清人：斗蛐蛐真好玩[哦呼] 现代人：斗菌菌真好玩[打call]
23,黏菌挑战世界第二辣的龙息辣椒！竟意外长出黄曲霉,3,鹿岛韵蹈,5466,明清人：斗蛐蛐真好玩[哦呼] 现代人：斗菌菌真好玩[打call]
23,黏菌挑战世界第二辣的龙息辣椒！竟意外长出黄曲霉,4,qNFCp,595,will
23,黏菌挑战世界第二辣的龙息辣椒！竟意外长出黄曲霉,5,MCXCC,2641,会适应的
23,黏菌挑战世界第二辣的龙息辣椒！竟意外长出黄曲霉,6,温柔见微笑,3659,封面的青椒....
23,黏菌挑战世界第二辣的龙息辣椒！竟意外长出黄曲霉,7,爱德华詹姆斯肯威,1679,我眼中的up
23,黏菌挑战世界第二辣的龙息辣椒！竟意外长出黄曲霉,8,六方最密懵逼,1127,用龙息辣椒素做创口消毒水这个项目有没有搞头？
23,黏菌挑战世界第二辣的龙息辣椒！竟意外长出黄曲霉,9,小不点也能拯救世界,352,太……太太太太菌……吃……吃吃吃不得啊[doge]
23,黏菌挑战世界第二辣的龙息辣椒！竟意外长出黄曲霉,10,萧雅清风,390,吃到辣椒的粘菌:
24,“我不在的日子里，你们很嚣张啊”,1,BELOVED-Selena,122,牛魔的，你车我给你姐骑了
24,“我不在的日子里，你们很嚣张啊”,2,RiSumi-t4n,25,什么阿猫阿狗都要上画面了，你牢秧早就和牢漂信交两年了[笑哭]
24,“我不在的日子里，你们很嚣张啊”,3,醉熏寒,117,有没有可能，秧秧写信就是因为，飞讯和通讯会被岸宝监控啊？
24,“我不在的日子里，你们很嚣张啊”,4,不想名字的13,809,椋羽：
24,“我不在的日子里，你们很嚣张啊”,5,识字卡可爱捏,1766,漂泊者，快来我这[鸣潮·共鸣与群星_逼近]
24,“我不在的日子里，你们很嚣张啊”,6,幸雨澄椛,2687,别急，汐汐在藏东西[鸣潮2周年同人绘画_慌汐汐][鸣潮2周年同人绘画_慌汐汐]
24,“我不在的日子里，你们很嚣张啊”,7,中单-黑兔,1645,守岸人，你年纪大慢慢等，这局我先拿下了...
24,“我不在的日子里，你们很嚣张啊”,8,睌謝,3821,最近我不在，阿飘漂身边的野花野草很嚣张啊
24,“我不在的日子里，你们很嚣张啊”,9,飞行雪绒_exe,80,大会员就是拿来干这个的
24,“我不在的日子里，你们很嚣张啊”,10,foreve9,124,oi，小狐狸精们，我不在的日子里都很猖狂啊
25,日漫凯尔吸 闻香识基米,1,蛋黄味蛋黄酱L,318,当你以为一次五根就是尼古喵喵的极限的时候，请看后期的漫画
25,日漫凯尔吸 闻香识基米,2,bili_1083741148,384,唯一一个看衤果亻本至尊骨毫无反应的[笑哭]
25,日漫凯尔吸 闻香识基米,3,默默磨墨墨沫沫,343,我都能想象到大结局是啥了：凑基米抽烟给自己抽死了，完.[笑哭]
25,日漫凯尔吸 闻香识基米,4,绛皓Snow,595,你的朋友：抽烟/飞叶子/挖矿/酒瘾 你：只是讲地狱笑话
25,日漫凯尔吸 闻香识基米,5,大帅哥awa3,2722,新干员追加[doge]
25,日漫凯尔吸 闻香识基米,6,木目桑,1184,这才几天，本子都有了，就是看了之后至尊骨没反应[笑哭]
25,日漫凯尔吸 闻香识基米,7,阿良良木历-official,1015,尸体埋了算核泄漏，火化了算大雾天[笑哭]
25,日漫凯尔吸 闻香识基米,8,爱玩的小鸣,2943,冷知识：你汤姆哥抽的烟是纯手卷无滤嘴的那种[doge]（当然和时代有关，汤姆和杰瑞它们那时候烟是被当成保健品抽的[笑哭]）
25,日漫凯尔吸 闻香识基米,9,安宁剑仙,597,看第一眼
25,日漫凯尔吸 闻香识基米,10,CCB大蓝象批发,8312,这是我唯一一个看篇觉得男主亏了的角色[支持]
26,【垃圾站】EP01 今天这车垃圾，有点不对劲【UP动画】,1,郭帆FrantGwo,1468,来新的啦[doge]
26,【垃圾站】EP01 今天这车垃圾，有点不对劲【UP动画】,2,装与霜,123,感觉up主做的视频有点和现实分不清了（）
26,【垃圾站】EP01 今天这车垃圾，有点不对劲【UP动画】,3,老赵赵满延,77,但感觉这次的剧情有点跳。或者说不够之前那种毛骨悚然的感觉。🤔
26,【垃圾站】EP01 今天这车垃圾，有点不对劲【UP动画】,4,薛德从不缺德,1714,巧了不是，代入主角了[25年度表情包_赞个点]
26,【垃圾站】EP01 今天这车垃圾，有点不对劲【UP动画】,5,皆可沐朝阳,2982,一言为定哦[doge]
26,【垃圾站】EP01 今天这车垃圾，有点不对劲【UP动画】,6,智慧电影了凡四训传傢,280,老师的当务之急是吧这些角色的立绘也好构建思路也好注册著作权还是什么的我倒是不太了解，总之一定要保护好自己的原创作品，不要被某些神人神组织抢走
26,【垃圾站】EP01 今天这车垃圾，有点不对劲【UP动画】,7,nn白霖,844,老师的当务之急是吧这些角色的立绘也好构建思路也好注册著作权还是什么的我倒是不太了解，总之一定要保护好自己的原创作品，不要被某些神人神组织抢走
26,【垃圾站】EP01 今天这车垃圾，有点不对劲【UP动画】,8,风弦缥缃,777,这个小表情好精致，动画也好自然[星星眼]是手搓的吗
26,【垃圾站】EP01 今天这车垃圾，有点不对劲【UP动画】,9,王二铁柱,1863,实际上的炉膛和料斗是这样的哈哈哈哈哈哈哈，主人公的操作间是垃圾吊控制室，一般至少有两人[doge]
26,【垃圾站】EP01 今天这车垃圾，有点不对劲【UP动画】,10,V35-Lab,198,这个香蕉我熟悉哈哈
27,《大扫除是你的谎言》,1,小旻童鞋,124,这集拉了
27,《大扫除是你的谎言》,2,肚娟,4109,给到夯
27,《大扫除是你的谎言》,3,袋子二维森,1063,女演员只需要站在那里漂亮就好了，男演员却要拼尽全力的发癫[委屈]
27,《大扫除是你的谎言》,4,只能啾啾猫猫了,1722,飞踢的是结婚凯伦
27,《大扫除是你的谎言》,5,bili_67050558904,503,酒店的顶级投屏[笑哭][doge]
27,《大扫除是你的谎言》,6,月是云间散客_-,204,不是，拿个本子画游戏这件事是怎么全国统一的[笑哭]
27,《大扫除是你的谎言》,7,嘉平月回响,1175,这里下这几下多少带点真情实感
27,《大扫除是你的谎言》,8,COLDTEASE,493,我的猜想:主视角作为精神病患者一直停留在高中的校园生活里，他所看到的同学都是他的臆想，而郑凯伦为了兄弟尽快恢复，不惜疯言疯语，一直陪在他身边，而也是因为如此，让他错失一次次爱情。结合后面医生的摇头和保安的控制，可以看出主角病情并没有好转，或者说是有好转却被医生认为还需要加重治疗。最后只有兄弟郑凯伦向他伸出援手……援脚
27,《大扫除是你的谎言》,9,瀣语,22,拍的诡异的像ai
27,《大扫除是你的谎言》,10,荔枝的沐,31,最后阶段。。。难道系列要大结局了吗
28,狼 鬼 情 未 了,1,阿本本人,32,蹲下都是“爱”的形状[doge][doge][doge][doge][doge]
28,狼 鬼 情 未 了,2,shvoangpwn,47,感觉配音稍微有一点点出戏，但是二位主演都实在是貌美非常呀，还有这种姐狗的设定也好棒好棒，好香好香。
28,狼 鬼 情 未 了,3,罗丧失的初恋男友,611,老一辈还在真人演
28,狼 鬼 情 未 了,4,五行哥,3591,这就是狗血剧情吗，狗人和吸血鬼的剧情[doge]
28,狼 鬼 情 未 了,5,呆若可达,1008,吸血鬼白天出门相当于熬夜，熬夜伤身[doge]
28,狼 鬼 情 未 了,6,有云生,961,最妙的是女主没有因为爱上小狗就放弃死亡，所以这依然是一篇很清爽的故事，很好啊很好啊
28,狼 鬼 情 未 了,7,顾凉kk,1168,05:22 燃起来了
28,狼 鬼 情 未 了,8,狗蹦子,2797,这个剧本提到了个有意思的问题，很多人认为长生可能很容易攒下财富，但是按照这个剧本的说法，长生的话，买股票还要面临企业退市的风险。
28,狼 鬼 情 未 了,9,有趣的小罐书,2140,麦片的能不能从评论区消失。
28,狼 鬼 情 未 了,10,S_parrow,330,这男主确实帅，我也打算长这样
29,《原神》过场动画-「若我们再次相见」,1,神圣泰拉蓝色双头鹰,1056,吃少偶饭的旅行者↓[doge_金箍]
29,《原神》过场动画-「若我们再次相见」,2,魔王578,393,一些肤浅的旅行者在那大肆宣扬谁主动谁是谁是1。因为木偶主动抱住哥伦比亚而大肆宣扬偶1这一错误结论。殊不知哥伦比亚已经开始玩起拍摄，录像，公开这些高难play了。以猎物的姿态接近木偶然后在镜头前完成反杀。当木偶反应过来都已经拍完片发电影院去给全枫丹人喂糖了。真是纯纯的套路大猛1。 顺便琪亚娜也是大猛一
29,《原神》过场动画-「若我们再次相见」,3,珍德式泥喵,2085,我真的不想再看了[藏狐] 点赞一次看一次
29,《原神》过场动画-「若我们再次相见」,4,岁后花园,507,我发现有个叫原神的太太做的少偶饭很好吃
29,《原神》过场动画-「若我们再次相见」,5,菽苕子_wimper,447,别人吃饭：点开同人 我吃饭：点开官方 就很....[doge]
29,《原神》过场动画-「若我们再次相见」,6,专心梦游,222,我发现这个原神账号发的少偶饭很香[思考]
29,《原神》过场动画-「若我们再次相见」,7,呃eew,186,诶呀现在评论区好干净啊，少了什么东西好难猜啊
29,《原神》过场动画-「若我们再次相见」,8,飞翔的叶绿素,71,少女木偶相关cp除了少偶这辈子不看别的了太jb香了，老米我命令你现在就把木偶送到哥伦比娅床上😭😭😭
29,《原神》过场动画-「若我们再次相见」,9,123_木头人不许动,31,装什么理中客说什么圈地自萌。官方下面和主要角色相关不是想发什么发什么，这视频明显桑多涅和哥伦比娅，cb也行cp也行，说单人美也行，你发不过大多数人就说别人不会圈地自萌吗？
29,《原神》过场动画-「若我们再次相见」,10,毒脚兽,63,这里还是挺感动的，两个历经无数岁月蹉跎寻找自我与归宿的人，明明哪一方都看不清自己的路，却不知不觉拉着对方的手你一步我一步地朝前走，好不容易看清了路，却在那一瞬间分开了手，好在这时候的她们，已经学会了拥抱，好在这时候的她们，还有机会去拥抱，比起牵手时传来的脉搏，还是拥抱时感受的心跳更加清晰，祝愿朋友还能相见，爱人还能相依，家人还能相聚，人们彼此都能拥抱，希望美好的事物，都能得到祝福，不论是月亮还是人偶。
30,当狗狗突然说话，那一定是。。。,1,凑M3,313,呼，睡了，正好胸口的肿瘤不跳了
30,当狗狗突然说话，那一定是。。。,2,飞霄罗浮分霄,1021,好了，其实是我中毒了
30,当狗狗突然说话，那一定是。。。,3,非物质文化遗产打小抄,3708,当时是怎么给我保证的[微笑][微笑]
30,当狗狗突然说话，那一定是。。。,4,林森名染浩,285,[doge_金箍]
30,当狗狗突然说话，那一定是。。。,5,Outsider-默尔索,1154,[笑哭]
30,当狗狗突然说话，那一定是。。。,6,挽汐不惋惜,3,@诞延 @如果是替身使者 @-鱼鱼鱼鱼鱼-Fish- @透明路人tmlr @帅漆潘
30,当狗狗突然说话，那一定是。。。,7,智慧电影了凡四训传家,1211,被困在梦里的是我吧，不然怎么会刷到这种视频
30,当狗狗突然说话，那一定是。。。,8,你说儿豁吔,232,看来我真的该去睡觉了
30,当狗狗突然说话，那一定是。。。,9,哥特酒吐座,3,@魔理沙利万 @丨椎名ましろ- @RitsuBye @Minazuki_mzk @-シュウスイ- @Yoqi_柚柒 @完美潇洒屑先生 @夏十一SaMa @_虚舟_ @伐辰辰
30,当狗狗突然说话，那一定是。。。,10,红红火火好解决,336,大狗，大狗是个外行。
31,❤️我们这么可爱真是抱歉！,1,压力马什涅,61,大制作上热门？b站在做最后的挣扎呢，等7天一过，大把证据就来了😁关闭b服的最佳时期
31,❤️我们这么可爱真是抱歉！,2,休伯利安的牢咸鱼,2864,“嗨呀呀，好多可爱的女孩子啊~♬”
31,❤️我们这么可爱真是抱歉！,3,久一藕,83,莉奈娅看到兰那罗后
31,❤️我们这么可爱真是抱歉！,4,D_阿洪,489,[嘟嘟][嘟嘟][嘟嘟]
31,❤️我们这么可爱真是抱歉！,5,月鎏金漆,4137,我上哪找又玩原神也玩崩铁还玩绝区零的啊？[笑哭]
31,❤️我们这么可爱真是抱歉！,6,安我馀生便好,71,萝莉这块还得看米游和碧蓝档案，我说我喜欢伊吹和克拉拉有没有懂的
31,❤️我们这么可爱真是抱歉！,7,没有鱼籽的酱,76,做篇
31,❤️我们这么可爱真是抱歉！,8,-神里小蓝-,3,@纸范子 @殇殇荡荡 @KFC嗷呜 @-神里晴华- @-神里小龟- @芙桃可爱捏_ @畔水观星 [星星眼][星星眼][星星眼]
31,❤️我们这么可爱真是抱歉！,9,YL阳宇,554,[香奈美·追寻那道光 应援装扮_mvp][香奈美·追寻那道光 应援装扮_mvp]
31,❤️我们这么可爱真是抱歉！,10,妄想-企鹅,3,@园林之王 @涼皮皮- @寻遍枵朽 @想要玖玖_
32,《请看VCR》,1,海纳henar,560,原来是被被乘棋了[doge]
32,《请看VCR》,2,孑然一生-不好不坏,215,大师不愧是大师，连睡觉也在搏棋[打call][打call]
32,《请看VCR》,3,王可王可儿,632,*柯洁再战阿尔法狗 -什么？柯洁赢了？快让我们复盘一下 -是下出妙手了吗？ -最新消息，柯洁现场展现神之一手 -什么叫他伸手把阿尔法狗电源线拔了
32,《请看VCR》,4,巴黎下水道瞎疼,634,大家不要笑，柯洁做这些视频是有意义的，他是为了在比赛时，对手一看到他就在脑子里自动播放这些画面[OK]
32,《请看VCR》,5,王可王可儿,214,*柯洁再战阿尔法狗 -什么？柯洁赢了？快让我们复盘一下 -是下出妙手了吗？ -最新消息，柯洁现场展现神之一手 -什么叫他伸手把阿尔法狗电源线拔了 🔚🔚🔚 🔜🔜🔜
32,《请看VCR》,6,王可王可儿,1296,很难想象千年之后一个天才围棋少年的背后灵是这玩意🧼
32,《请看VCR》,7,上善若水任方圆1990,187,我觉得现在阿尔法狗真不一定下的过柯洁，以他现在的道心，容易直接给阿尔法狗电源拔了
32,《请看VCR》,8,a天梦冰雪,764,（说了一些很励志的话）
32,《请看VCR》,9,智慧电影了凡四训传㹢,432,虽然你是九冠王，但还是糖的没边[笑哭]
32,《请看VCR》,10,智慧电影了凡四训传加,161,很难想象千年之后一个天才围棋少年的背后灵是这玩意🧼
33,《和最讨厌的人灵魂互换了》完整版,1,plhsj,353,我觉得再有半年，演员这个行业就会迎来大批的下岗潮。那些不尊重观众的垃圾艺人戏子，该吃不上饭了。
33,《和最讨厌的人灵魂互换了》完整版,2,FmJ21,639,想啥呢，一般克莱尔的哥会找个啦啦队的
33,《和最讨厌的人灵魂互换了》完整版,3,上维诅咒x10,2017,这特么得多少提示词才能搓出这片啊[笑哭]
33,《和最讨厌的人灵魂互换了》完整版,4,_郬季晚風_,2847,作者得看了多少美高剧，开头味儿太冲了，这叙事手法太像了，可以出师了
33,《和最讨厌的人灵魂互换了》完整版,5,尼古拉斯丶撕逼丶格林威治二世,3336,不需要演员档期 不需要搭景布景 不需要化妆师 不需要看天气看时间 不需要盒饭 冲击实在太大了
33,《和最讨厌的人灵魂互换了》完整版,6,Augusta-W,539,这得是三十年前美国电影才会出现的，三位女角色都颜值在线。
33,《和最讨厌的人灵魂互换了》完整版,7,黄桃芦荟味儿,3634,好莱坞现在也不咋拍这种简单青春喜剧了，都得掺点政治正确什么的
33,《和最讨厌的人灵魂互换了》完整版,8,香草卷积,5020,在看到这个神奇疏水头发之前根本没意识到这是ai生成的[笑哭]
33,《和最讨厌的人灵魂互换了》完整版,9,kiiiiiiiu,5022,写完提示词的UP Be Like:
33,《和最讨厌的人灵魂互换了》完整版,10,逍遥贰捌,1094,太牛了，这都不像AI了，为什么你的AI脸和别的不一样[支持]
34,荒废多年的臭水塘变成猫猫们的饮水地,1,轮回就在那里-,298,能不能追踪一下小王八的日常[黑眼圈_金箍]
34,荒废多年的臭水塘变成猫猫们的饮水地,2,西行寺凹凹子,5408,[doge]愣是把流浪猫救助玩成了星露谷物语。 牛逼啊 五月妈
34,荒废多年的臭水塘变成猫猫们的饮水地,3,B小吉,138,我发现B站有个特性，只要关注之后你就刷不到他的视频了，或者是隔一段时间才能刷到[笑哭]
34,荒废多年的臭水塘变成猫猫们的饮水地,4,零贰の,92,不准备养，也不准吃的话，就放过王八吧，别给它饿死了[笑哭]
34,荒废多年的臭水塘变成猫猫们的饮水地,5,真实追逐,148,弹幕为啥问报备了吗，自己家园林休整还得报备？
34,荒废多年的臭水塘变成猫猫们的饮水地,6,小锦鲤---------,1678,这里是天堂吗？…
34,荒废多年的臭水塘变成猫猫们的饮水地,7,zhouyongchun,138,不知道评论区的某些人在反感什么[笑哭]
34,荒废多年的臭水塘变成猫猫们的饮水地,8,兄弟兄弟看看装备,2450,五月妈简直是超人，这大热天这么大的工程量[笑哭]
34,荒废多年的臭水塘变成猫猫们的饮水地,9,名字长总是会有傻子读,55,真爱猫人士来了[笑哭]
34,荒废多年的臭水塘变成猫猫们的饮水地,10,flysonics,272,有考慮重新找人來設計水道嗎  不然過一陣子 落葉累積下來就又成爛泥了 只能非常辛苦地定期去清水道...
35,超智障足球 Part3,1,平平无奇路人饼,92,严重怀疑作者想玩把大的但结果搞砸了[笑哭]
35,超智障足球 Part3,2,岁令年夕黍,926,我给你说，有个大手子买下了全塔卫二的通行证
35,超智障足球 Part3,3,沫染梦熙,292,[星星眼]
35,超智障足球 Part3,4,拂晓的绯月,197,智斗巅峰，剧情真的好流畅好生草，难以想象这居然已经是碍于审核反复修改后的妥协版本
35,超智障足球 Part3,5,寒风达达,65,某干员会在有水的场景里，增加攻击力[思考]
35,超智障足球 Part3,6,亻可是添柴,5,https://m.bilibili.com/audio/au2698891 里面有啥子
35,超智障足球 Part3,7,浩浩乎如冯虚御疯,35,看了仅有一分钟我就意识到我必须去补完前两部
35,超智障足球 Part3,8,尾巴大爷の小跟班,3,@菲传 @S仙草 @白色的阳间大王 @宵宵QwQ @氢t喵 @乃依不熬夜 @氢-t @雀宝最可爱
35,超智障足球 Part3,9,魔法部中登,2286,我不是德厨，但这个德狗好看的有些超过了 耳边发饰属于是画龙点睛
35,超智障足球 Part3,10,安和昴あん,2,@天黎z @青云沧风 @菱洲客子
36,世界纪录,1,帰ってきた杰克尼桑,91,那两个工人有什么秘密在那个操场上吗？🤔🤔🤔
36,世界纪录,2,卡厄斯兰纳233,66,也可以，看爽文剧情也比看高血压强
36,世界纪录,3,Dill丶,12,我看这白秘书跟黑社会似的
36,世界纪录,4,爱来自幼刀,713,后续[doge_金箍]
36,世界纪录,5,宇宙之K河,2557,音符上的
36,世界纪录,6,瞎78取的名,5,德柱削废了，以前100m仨脚印
36,世界纪录,7,我只是创世神,876,这算什么，我跑九秒一二只需要五十米[doge][doge]
36,世界纪录,8,seya-狮砸,57,比贪更狠才能治贪啊[阴险][阴险][阴险]
36,世界纪录,9,你会喜欢Miku吗,297,11.13确实是好苗子[笑哭]
36,世界纪录,10,2028高考伴我行,2280,不怕你们笑话，我现在唯一的社交方式就是发评论，每次看到有人点赞我都会高兴半天
37,末日高架桥，我们被困了100天！P4,1,bili_77070752195,53,关注米洛之后立刻被一个自称米洛福利官号的人关注了现在的骗子这么猖狂了吗
37,末日高架桥，我们被困了100天！P4,2,卡慕SaMa,2907,我们不是在签售吗？你怎么发的视频？
37,末日高架桥，我们被困了100天！P4,3,_Buzz__,463,[脱单doge]
37,末日高架桥，我们被困了100天！P4,4,碧月狐,1691,怕死，然后点了四排的血，怕没输出，做了一枪一个的武器[碧月狐_哈人！]
37,末日高架桥，我们被困了100天！P4,5,鹅国傻皇,1708,本集众人:
37,末日高架桥，我们被困了100天！P4,6,枝干并非饼干,183,红叔团队的车vs天门团队的车，你们知道吗[笑哭]
37,末日高架桥，我们被困了100天！P4,7,幕川北,1139,这波扮演葫芦大家给几分[皮医生的表情包_没事哒]
37,末日高架桥，我们被困了100天！P4,8,天生の夢想,132,团队成立后近期的视频流量确实上涨不少，从以前不到6万赞到现在十多万赞。也可能主要是联投的原因
37,末日高架桥，我们被困了100天！P4,9,吾名石榴,66,doom如果你被强制加班了你就眨眨眼，你为什么眼睛都不眨一下啊[大哭][大哭][大哭]
37,末日高架桥，我们被困了100天！P4,10,胤川cj,1254,同是天涯沦落人[喜极而泣]就是这车差别怎么这么大
38,我喜欢你啊前辈😭😭！！！,1,无敌的潘老师,255,看我黄金巨蟒出击[doge]
38,我喜欢你啊前辈😭😭！！！,2,异丶方,3451,[热]
38,我喜欢你啊前辈😭😭！！！,3,匿名3523674,4040,依旧螃蟹叔叔高伤害
38,我喜欢你啊前辈😭😭！！！,4,十日三巨头,379,给青蛙附上力量，回头反打
38,我喜欢你啊前辈😭😭！！！,5,傻了吧唧的小卷,5830,哈哈哈哈哈！螃蟹叔叔帮你报仇了！
38,我喜欢你啊前辈😭😭！！！,6,乖巧宝宝本宝,7550,依旧经典咏流传[藏狐][藏狐][藏狐]
38,我喜欢你啊前辈😭😭！！！,7,拂晴沉川,189,别的视频我截的图[doge_金箍]
38,我喜欢你啊前辈😭😭！！！,8,莫清弦如此说道,73,为什么总是跑一段就不跑了，被攻击了才继续跑
38,我喜欢你啊前辈😭😭！！！,9,热情渐消,1004,好结局有没有懂的
38,我喜欢你啊前辈😭😭！！！,10,_你喜欢我,4448,食物恋
39,“这是我的乌孙古道。”,1,么么式,161,这种刻意炫技的观感没有画质糊毫无剪辑手法但情感真实的视频舒服
39,“这是我的乌孙古道。”,2,你说鸳鸳鸳鸳鸳,25,为啥不火不好看？1声音难听，2为赋新词强说愁，语言空洞，3无意义镜头太多，完全没感受到乌孙古道的美。
39,“这是我的乌孙古道。”,3,-姚子-,9,纯路人竖屏刷到，观感上确实有点豪，而且配音没必要搞气泡音吧…chill一点就好了，毕竟是旅游视频
39,“这是我的乌孙古道。”,4,米菊梅,8,下次别这么剪了
39,“这是我的乌孙古道。”,5,肝图能有未来吗,79,视频太专业精致了，虽然去旅游的念头强烈了，但是视频里的内容反而代入不了
39,“这是我的乌孙古道。”,6,秋冬念十月,2232,竖屏刷到的在这集合[香奈美·追寻那道光 应援装扮_mvp]
39,“这是我的乌孙古道。”,7,原始人培育中心,75,从vlog的角度，做的很不错，从旅行的角度，这样搞很累，旅行最高的评价就是：我想先不拍了
39,“这是我的乌孙古道。”,8,智慧电影了凡四训传榢,731,什么时候帅也被叫做嘉豪了[笑哭]
39,“这是我的乌孙古道。”,9,李君今天也爱麻衣桑,39,嘉豪是我听过最烂的梗词[捂脸]，时代不同表达分享的方式不同，在过去的那会儿年代里面嘉豪还叫非主流呢
39,“这是我的乌孙古道。”,10,十二墨_,69,这个剪辑质量高，值得学习
40,去了一趟得克萨斯州。,1,Kwanhok_,43,我以为要开始涩话了
40,去了一趟得克萨斯州。,2,叫我羟基大人_OH,140,Li Hua
40,去了一趟得克萨斯州。,3,白川冷河,2215,来德州念书是真的爽[支持]
40,去了一趟得克萨斯州。,4,哼哼啊啊啊aaaaaaa,1332,这B牛仔小镇每次有家人或朋友来我就必陪着去一次[笑哭]真吐了
40,去了一趟得克萨斯州。,5,是阿牛_,179,李四维叫李维斯（Levi's）很合理吧[藏狐]
40,去了一趟得克萨斯州。,6,氷空花束,482,猜猜李四维的英文名：Sweet Lee[doge_金箍]
40,去了一趟得克萨斯州。,7,胡方正不是古月方源,507,李思维 四维=sweet Li Sweet
40,去了一趟得克萨斯州。,8,艺熵,70,认识美国刻板印象四天王:得克萨斯州，加利福尼亚州，佛罗里达州，新墨西哥州
40,去了一趟得克萨斯州。,9,Tiny_xx,1936,其实我根本没有英文名 我不敢告诉大家
40,去了一趟得克萨斯州。,10,丨SoNo丨,721,那我问你（
41,《我推的孩子》,1,一之昂昂溪,310,小猫：闹“妈”了，我好像有点儿“舒服”
41,《我推的孩子》,2,麻烦叫我滚回去学习QAQ,550,居然还有人喂养野生哈基米，你知道换一套电动车轮胎，坐垫多贵么[生气][生气]你知道加班到十一点半夜两点猫叫春猫打架第二天上班有多痛苦吗[生气][生气][生气]
41,《我推的孩子》,3,亚瑟摩根ArthurMorga,6973,现在是孩子也开始哈气了[笑哭]
41,《我推的孩子》,4,昆古尼尔之光丶,1670,[doge]
41,《我推的孩子》,5,犬火日记,826,世界以痛吻我，我…我有点喘不上气了喵
41,《我推的孩子》,6,昊天沐子,340,《我推的孩子》
41,《我推的孩子》,7,爱整活的星浪,2179,[笑哭]
41,《我推的孩子》,8,王晨x,263,头上定个鼠标，不拍他拍谁[doge]
41,《我推的孩子》,9,迷迷的小眼神,373,[笑哭]
41,《我推的孩子》,10,莱托克莱斯,434,咱就是说，喂小猫吧，你这猫喂不熟啊[笑哭]小猫好歹知道原生家庭的痛，会珍惜你啊
42,ChiliChill乐团×花玲宴宁×回声少年，森林说《我不曾忘记》【BML-PLAY! 2026】,1,绳网用户2013,6163,突然意识到原神为啥歌偏少了，大多数带歌词的全是交响曲，真高级这一块[笑哭]
42,ChiliChill乐团×花玲宴宁×回声少年，森林说《我不曾忘记》【BML-PLAY! 2026】,2,catkingshou,9450,我侄女就在台上的童声合唱团里……[星星眼]
42,ChiliChill乐团×花玲宴宁×回声少年，森林说《我不曾忘记》【BML-PLAY! 2026】,3,风见我1号,2229,玩崩铁的，原来这是二创吗？之前一直以为是游戏里的歌，只能说原神牛逼
42,ChiliChill乐团×花玲宴宁×回声少年，森林说《我不曾忘记》【BML-PLAY! 2026】,4,Jelly_F-sh,4265,这首歌强到我觉得接在上版本须弥主线收官以后当ed也没有任何违和感[笑哭]，原二创曲t0梯队的神
42,ChiliChill乐团×花玲宴宁×回声少年，森林说《我不曾忘记》【BML-PLAY! 2026】,5,传奇一突千早爱音,1658,可惜，应该多请几个儿童合唱团，凑个76个小朋友，然后定制76个不同的兰纳罗帽子，才叫完美[墨镜]
42,ChiliChill乐团×花玲宴宁×回声少年，森林说《我不曾忘记》【BML-PLAY! 2026】,6,热血孤狼王,745,这首歌是我高中的音乐老师，也是我的一位人生导师吧，是他教我们的最后一首歌，然后就空中飞人了[墨镜][墨镜][墨镜]
42,ChiliChill乐团×花玲宴宁×回声少年，森林说《我不曾忘记》【BML-PLAY! 2026】,7,逍遥小幺丶,6373,看见一群孩子唱副歌真的绷不住了，即便森林书的故事已经过去很久了，但是曾经那份感动始终没有消散。。原神跟这首歌真的是彼此成就了，剧情好，歌也好。
42,ChiliChill乐团×花玲宴宁×回声少年，森林说《我不曾忘记》【BML-PLAY! 2026】,8,宿命命名,2107,我的破木箱，装满枯萎的花…
42,ChiliChill乐团×花玲宴宁×回声少年，森林说《我不曾忘记》【BML-PLAY! 2026】,9,望获伏,526,原曲结尾又特地加了段兰那罗之歌的杀伤力[墨镜][墨镜][墨镜]
42,ChiliChill乐团×花玲宴宁×回声少年，森林说《我不曾忘记》【BML-PLAY! 2026】,10,叠杯zqr的小号,5636,我要建一个“森林会记住一切”的楼[星星眼]
43,《明日方舟》集成战略「沉沦者的黑流树海」宣传PV · 玩法介绍,1,山泉MS,21254,以防你不知道在黑流树海保住米格鲁意识的装置是谁做的[doge]
43,《明日方舟》集成战略「沉沦者的黑流树海」宣传PV · 玩法介绍,2,雨夜渊鱼,5166,注意到：黑柳树海中动物名称不再是菲林、阿戈尔、佩洛、黎博利，而是正常的猫狗鱼鸟[思考]
43,《明日方舟》集成战略「沉沦者的黑流树海」宣传PV · 玩法介绍,3,佥竹,3870,我有不能输的理由[微笑]
43,《明日方舟》集成战略「沉沦者的黑流树海」宣传PV · 玩法介绍,4,我有玉米玉玉症,8204,现在回过头来看还是黑流树海好玩
43,《明日方舟》集成战略「沉沦者的黑流树海」宣传PV · 玩法介绍,5,鹰院冒牌货,3686,没人注意到鹿哥的立绘重画了吗[星星眼][星星眼][星星眼]
43,《明日方舟》集成战略「沉沦者的黑流树海」宣传PV · 玩法介绍,6,金山丹兰,3203,黑流树海的黑流，原来是狗兽主的血，树海，是会移动会生长的活物……
43,《明日方舟》集成战略「沉沦者的黑流树海」宣传PV · 玩法介绍,7,SMILE咩宇year,6163,解包出来的生物，祝贺泰拉生物拼图更加完整了，生物学研究更进一步[藏狐][藏狐]
43,《明日方舟》集成战略「沉沦者的黑流树海」宣传PV · 玩法介绍,8,柒海宁心,2770,我负责 临时起意 忘带装备 吃光补给 制造恐慌 有没有临时起意要组团去黑流树海的博士
43,《明日方舟》集成战略「沉沦者的黑流树海」宣传PV · 玩法介绍,9,屑纸碎,2998,WOW，这次的肉鸽风格和视觉元素好有特色啊，X光片截面、人体器官、胚胎、人体组织切片等等关键词，总体色彩是黑色，点缀着阴郁的暗青色、幽蓝色和暗红色呈现出低饱和度，让人很容易联想到“氧化后的血迹与器官”和“医用装备”，而在衬托下突出的冷白也容易联想到白色而冰冷的“医疗器械”，感觉第一个关联到的词是“病理”
43,《明日方舟》集成战略「沉沦者的黑流树海」宣传PV · 玩法介绍,10,thasre-il,3405,具有深刻教育意义，说出多少人心声[大哭]
44,疏散转移工作完成后突降大雨，救援人员因场地受限来不及避雨，席地而坐冒雨用餐。致敬，你们辛苦了！,1,希望世界所有人都幸福,150,看到视频没破防，只有敬意，但是评论区一堆无知小孩子评论，才是真正让人破防的，非蠢即坏，坏人，骂他我没有负担，但是那些愚蠢的好心人，发言才真正的最让人破防，国家把孩子们保护的太好了。不过评论区已经比以前好多了，让我欣慰的是，我看到好多人在下面有条理的解释了，理性且有逻辑。我发现除了某些极端视频下，总的舆论风向还是越来越正常的，越来越理性的讨论。但是我被愚蠢的好心人，破防次数太多了，我放弃，只有无奈了。[笑哭]
44,疏散转移工作完成后突降大雨，救援人员因场地受限来不及避雨，席地而坐冒雨用餐。致敬，你们辛苦了！,2,happydie,203,多是累到极限了，站着时还能撑，可一旦坐下放松点，哪怕吃到一半下雨，全身也在抗拒起来的想法，算逑，继续吃。
44,疏散转移工作完成后突降大雨，救援人员因场地受限来不及避雨，席地而坐冒雨用餐。致敬，你们辛苦了！,3,糖霜_LL,1582,[笑哭]不是不给他们支帐篷！是所有东西来不及准备，他们做完救援工作饿坏了！就地坐下开始吃了！别骂了别骂了
44,疏散转移工作完成后突降大雨，救援人员因场地受限来不及避雨，席地而坐冒雨用餐。致敬，你们辛苦了！,4,Slime314,5902,评论区的评论有点太bt了，为什么不躲雨，很简单，太疲惫了！13年服役的时候，也是去抢险救灾，从下午六点一直干到凌晨三四点，被另一批同志换下来，当时也是下着雨，但是真的动都不想动，直接拿个毛巾往车下面一铺，大半个身子在外面淋着雨，就那样睡着了。
44,疏散转移工作完成后突降大雨，救援人员因场地受限来不及避雨，席地而坐冒雨用餐。致敬，你们辛苦了！,5,長安喜樂丶,980,23年9月苏拉台风的时候去抗洪涝，大风大雨还非常冷。炊事班就给大伙煲了一些姜汤，催促着大家喝：“快先来喝点姜汤暖暖，再不喝就要满出来了！”😄😄
44,疏散转移工作完成后突降大雨，救援人员因场地受限来不及避雨，席地而坐冒雨用餐。致敬，你们辛苦了！,6,川龙安,1599,这种就是真的累到极限了，但是还保留了一丝意志进食补充机能。有过类似经历的人应该都能明白。希望他们条件好点再好点！希望一切平安顺利解决！
44,疏散转移工作完成后突降大雨，救援人员因场地受限来不及避雨，席地而坐冒雨用餐。致敬，你们辛苦了！,7,他稱之為思考,801,仔细看一下，他也没有故意淋着雨吃。他是坐在树下，好歹有枝叶稍稍挡些雨的。估计是累得木了，宁肯将就着吃，也没力气爬起来挪地方了。
44,疏散转移工作完成后突降大雨，救援人员因场地受限来不及避雨，席地而坐冒雨用餐。致敬，你们辛苦了！,8,胖罐子站起来,562,看他应该是累麻了，整个人都有点木木的，夹菜也是慢悠悠的，估计旁边有伞也懒得去撑，这波结束不歇个三五天缓不过来
44,疏散转移工作完成后突降大雨，救援人员因场地受限来不及避雨，席地而坐冒雨用餐。致敬，你们辛苦了！,9,西红柿番茄打卤面,338,致敬🫡 球球别往表那里下了 来下河南吧  高温顶不住了[大哭]
44,疏散转移工作完成后突降大雨，救援人员因场地受限来不及避雨，席地而坐冒雨用餐。致敬，你们辛苦了！,10,心愿丷,138,没这心情去躲雨了，太累了[笑哭][笑哭]五分钟后就要出发了。整个省的所有消防，警察，武警，解放军，本地公务员全都出动了，但是还是人手不足。
45,荒野大啾比,1,正义的咸鱼,156,荒野大菲客
45,荒野大啾比,2,早川亜紀,186,这才是ai的意义，而不是生成个雷霆大奶龙在那儿捧腹大笑[鸣潮2周年同人绘画_对的]
45,荒野大啾比,3,北极天枢,45,这up真的牛逼全是高质量，剧情节奏把控也很好
45,荒野大啾比,4,协议三---保护米驭,746,神人十近十年没更新，一回来就雷霆连更47个菲比啾比视频
45,荒野大啾比,5,地铁游走阿尔乔姆,40,依旧神秘up消失近10年回来狂更菲比啾比[笑哭]
45,荒野大啾比,6,Rollinglight,14,神人up鸽了3.6坤年，一个雷霆大瞬回发了40多条雷霆菲比小视频[鸭科夫_干嘛鸭][鸭科夫_干嘛鸭][鸭科夫_干嘛鸭][鸣潮2周年同人绘画_指你]
45,荒野大啾比,7,桐生-戰兔,2183,破蚌了[鸣潮2周年同人绘画动态表情包_捏捏]
45,荒野大啾比,8,烽火_倾城,53,牛仔区up前来支持[doge_金箍][doge_金箍]我说我一个不玩二游的怎么首页会推送，哈哈哈，能看出大镖客地图的影子，有瓦伦丁、大地之心、犁刀村追火车那段好像有独行侠的影子[打call][打call]
45,荒野大啾比,9,冷漠无情真君,171,会长是弗糯糯放的，为了再抓一次嫖赏金，残星会沆瀣一气，下集菲比对抗糯糯[鸣潮2周年同人绘画动态表情包_大手]
45,荒野大啾比,10,guitarと孤独と蒼い惑星,66,我看懂了，娜波摩和菲比是一伙的，菲比不停拿娜波摩刷赏金，抓进去再逃出来
46,【TF家族练习生】《突围II破局》EP03：来自舞台的邀请函（上）,1,月不落长安,1370,hello橹橹  又来看你啦  不知道今天你会面临什么挑战呢？加油啊小杰[萌趣卡皮巴拉_爱心]
46,【TF家族练习生】《突围II破局》EP03：来自舞台的邀请函（上）,2,网易阳阴師手游,1357,Hello你醒了？来支持我们美貌无双倾国的橹橹大人[打call][打call][打call]🩵🩵🩵
46,【TF家族练习生】《突围II破局》EP03：来自舞台的邀请函（上）,3,日落梦游岛,1080,🩵🩵🩵#王橹杰 四代唯一TOP# 🌊实力为铠甲，热爱为信仰❄️王橹杰LJW 零失误铸就底气，高热忱不负赛场荣光🌐纵遇不公埋没锋芒✨初心依旧一往无前💠风浪不改少年本色，坚守终得万丈晴朗步步向阳生生不息，顶峰光景只为他绽放🩵🩵🩵
46,【TF家族练习生】《突围II破局》EP03：来自舞台的邀请函（上）,4,大大大鹰酱,633,🩵我搜全网最萌给我弹这了❓🧊王橹杰好萌(✧∇✧)🩵我搜全网最萌给我弹这了❓❄️王橹杰好萌(✧∇✧) 🎉王橹杰新音百万直拍！BV1frBqBYEhi ✨BV17ivvBEEEf 👑BV1oAvzB4Etb 🩵BV11VB6BJEVp 🧊BV159vrBcEhy ❄️BV1nEiABeEUj
46,【TF家族练习生】《突围II破局》EP03：来自舞台的邀请函（上）,5,恭喜发财-钱来钱来,1003,🩵🩵🩵#王橹杰 四代唯一C位队长#🧊领航者已就位 破局正当时🌐王橹杰LJW 用行动诠释何为队长担当 从容指挥💠霸气控场 少年入局✨锋芒将至 期待他在突围2.0破局绽放🩵🩵🩵
46,【TF家族练习生】《突围II破局》EP03：来自舞台的邀请函（上）,6,讨厌下雨kun,841,🩵🩵🩵#王橹杰 四代唯一C位队长#🧊领航者已就位 破局正当时🌐王橹杰LJW 用行动诠释何为队长担当 从容指挥💠霸气控场 少年入局✨锋芒将至 期待他在突围2.0破局绽放🩵🩵🩵
46,【TF家族练习生】《突围II破局》EP03：来自舞台的邀请函（上）,7,养豚手册-,817,王橹杰好好吃饭！认真训练！好好学习！天天开心！健康平安！！！🩵🩵🩵🩵🩵加油
46,【TF家族练习生】《突围II破局》EP03：来自舞台的邀请函（上）,8,艾斯勾呀,526,王烁然真的…在唱歌和创作方面没得黑，弹幕也没必要刷难听
46,【TF家族练习生】《突围II破局》EP03：来自舞台的邀请函（上）,9,bili_46540509890,593,四代第一唯一主唱张函瑞·舞台王者认证 🍏音域宽广情感充沛💚 一开口就是净化人心🎤舞蹈干净利落表情管理永远在线 🌱颜值实力全面开花🌷ace全能天生属于舞台🍀注定星途璀璨🎊 注定高位出道✨✨🎉🎉🎉
46,【TF家族练习生】《突围II破局》EP03：来自舞台的邀请函（上）,10,Peace_懒猫,446,💚天赋加持不懈耕耘，歌声承载滚烫初心💚#张函瑞 四代第一且唯一主唱#🌱🪴张函瑞四代全能ace🎋点点星光汇聚璀璨星河🌿从懵懂初识到稳步成长，四季更迭，少年始终坚守舞台初心🌳稳步前行，成就更好的自己 这里是【四代唯一主唱-张函瑞】
50,墨山道申请出战——手搓30w顶奢画舫,1,盈盈月色入我盏,3207,嘻嘻，我也是个业余船匠，up的流量船模圈顶流了
50,墨山道申请出战——手搓30w顶奢画舫,2,姚窅者也,1560,@燕云十六声官方 以后还是多给这种老师发商单吧
50,墨山道申请出战——手搓30w顶奢画舫,3,-_DonQuixote_-,299,bro拿核舟记当新手教程看
50,墨山道申请出战——手搓30w顶奢画舫,4,大唐文武广孝贞观皇帝,2144,这好像不只30万，30万是基础款，这个好像是50万升级版[正经狼咖收藏集_16尴尬]
50,墨山道申请出战——手搓30w顶奢画舫,5,夜半三更_小心火烛,267,@燕云十六声官方 以后还是多给这种老师发商单吧
50,墨山道申请出战——手搓30w顶奢画舫,6,福木健全,169,建国后明文规定不允许3D打印机成精
50,墨山道申请出战——手搓30w顶奢画舫,7,千草德仁,693,用结构实验室的材料偷偷做一个，老师应该不知道[doge_金箍]
50,墨山道申请出战——手搓30w顶奢画舫,8,一颗小黄皮,539,对岸的形状，刻在心上，也刻在归家的帆上。
50,墨山道申请出战——手搓30w顶奢画舫,9,華興會红棍王,1030,感觉师傅你做视频剪辑比做船还要辛苦……
50,墨山道申请出战——手搓30w顶奢画舫,10,脚滑的福泥,71,舫主不自己下水拉船？
